time | service | message
[REDACTED] 14:51 | customer-portal | [REDACTED] request linked to customer [REDACTED] from IP [REDACTED] after verifying phone [REDACTED].
[REDACTED] 14:41 | billing-api | [REDACTED] request linked to customer [REDACTED] from IP [REDACTED] after verifying phone [REDACTED].
[REDACTED] 14:52 | billing-api | [REDACTED] request linked to customer [REDACTED] from IP [REDACTED] after verifying phone [REDACTED].
[REDACTED] | billing-api | [REDACTED] request linked to customer [REDACTED] from IP [REDACTED] after verifying phone [REDACTED].
[REDACTED] 14:53 | auth-service | [REDACTED] request linked to customer [REDACTED] from IP [REDACTED] after verifying phone [REDACTED].
[REDACTED] 14:40 | customer-portal | [REDACTED] request linked to customer [REDACTED] from IP [REDACTED] after verifying phone [REDACTED].
[REDACTED] 14:33 | auth-service | [REDACTED] request linked to customer [REDACTED] from IP [REDACTED] after verifying phone [REDACTED].
[REDACTED] 14:28 | reporting-engine | [REDACTED] request linked to customer [REDACTED] from IP [REDACTED] after verifying phone [REDACTED].
[REDACTED] 14:37 | auth-service | [REDACTED] request linked to customer [REDACTED] from IP [REDACTED] after verifying phone [REDACTED].
[REDACTED] 14:20 | auth-service | [REDACTED] request linked to customer [REDACTED] from IP [REDACTED] after verifying phone [REDACTED].
[REDACTED] 14:39 | reporting-engine | [REDACTED] request linked to customer [REDACTED] from IP [REDACTED] after verifying phone [REDACTED].
[REDACTED] 14:50 | billing-api | [REDACTED] request linked to customer [REDACTED] from IP [REDACTED] after verifying phone [REDACTED].
[REDACTED] 14:23 | reporting-engine | [REDACTED] request linked to customer [REDACTED] from IP [REDACTED] after verifying phone [REDACTED].
[REDACTED] 14:59 | auth-service | [REDACTED] request linked to customer [REDACTED] from IP [REDACTED] after verifying phone [REDACTED].
[REDACTED] 14:36 | auth-service | [REDACTED] request linked to customer [REDACTED] from IP [REDACTED] after verifying phone [REDACTED].
[REDACTED] 14:10 | billing-api | [REDACTED] request linked to customer [REDACTED] from IP [REDACTED] after verifying phone [REDACTED].
[REDACTED] 14:50 | customer-portal | [REDACTED] request linked to customer [REDACTED] from IP [REDACTED] after verifying phone [REDACTED].
[REDACTED] 14:55 | billing-api | [REDACTED] request linked to customer [REDACTED] from IP [REDACTED] after verifying phone [REDACTED].
[REDACTED] | customer-portal | [REDACTED] request linked to customer [REDACTED] from IP [REDACTED] after verifying phone [REDACTED].
[REDACTED] 14:23 | billing-api | [REDACTED] request linked to customer [REDACTED] from IP [REDACTED] after verifying phone [REDACTED].
[REDACTED] 14:52 | billing-api | [REDACTED] request linked to customer [REDACTED] from IP [REDACTED] after verifying phone [REDACTED].
[REDACTED] 14:11 | auth-service | [REDACTED] request linked to customer [REDACTED] from IP [REDACTED] after verifying phone [REDACTED].
[REDACTED] 14:56 | billing-api | [REDACTED] request linked to customer [REDACTED] from IP [REDACTED] after verifying phone [REDACTED].
[REDACTED] | customer-portal | [REDACTED] request linked to customer [REDACTED] from IP [REDACTED] after verifying phone [REDACTED].
[REDACTED] 14:21 | billing-api | [REDACTED] request linked to customer [REDACTED] from IP [REDACTED] after verifying phone [REDACTED].
[REDACTED] 14:34 | auth-service | [REDACTED] request linked to customer [REDACTED] from IP [REDACTED] after verifying phone [REDACTED].
[REDACTED] 14:32 | billing-api | [REDACTED] request linked to customer [REDACTED] from IP [REDACTED] after verifying phone [REDACTED].
[REDACTED] 14:43 | auth-service | [REDACTED] request linked to customer [REDACTED] from IP [REDACTED] after verifying phone [REDACTED].
[REDACTED] 14:48 | billing-api | [REDACTED] request linked to customer [REDACTED] from IP [REDACTED] after verifying phone [REDACTED].
[REDACTED] 14:20 | reporting-engine | [REDACTED] request linked to customer [REDACTED] from IP [REDACTED] after verifying phone [REDACTED].
[REDACTED] 14:58 | billing-api | [REDACTED] request linked to customer [REDACTED] from IP [REDACTED] after verifying phone [REDACTED].
[REDACTED] 14:36 | auth-service | [REDACTED] request linked to customer [REDACTED] from IP [REDACTED] after verifying phone [REDACTED].
[REDACTED] 14:45 | customer-portal | [REDACTED] request linked to customer [REDACTED] from IP [REDACTED] after verifying phone [REDACTED].
[REDACTED] 14:50 | billing-api | [REDACTED] request linked to customer [REDACTED] from IP [REDACTED] after verifying phone [REDACTED].
[REDACTED] 14:11 | auth-service | [REDACTED] request linked to customer [REDACTED] from IP [REDACTED] after verifying phone [REDACTED].
[REDACTED] 14:26 | auth-service | [REDACTED] request linked to customer [REDACTED] from IP [REDACTED] after verifying phone [REDACTED].
[REDACTED] 14:30 | customer-portal | [REDACTED] request linked to customer [REDACTED] from IP [REDACTED] after verifying phone [REDACTED].
[REDACTED]-2 14:43 | reporting-engine | [REDACTED] request linked to customer [REDACTED] from IP [REDACTED] after verifying phone [REDACTED].
[REDACTED] 14:28 | billing-api | [REDACTED] request linked to customer [REDACTED] from IP [REDACTED] after verifying phone [REDACTED].
[REDACTED] 14:33 | billing-api | [REDACTED] request linked to customer [REDACTED] from IP [REDACTED] after verifying phone [REDACTED].
[REDACTED] 14:32 | auth-service | [REDACTED] request linked to customer [REDACTED] from IP [REDACTED] after verifying phone [REDACTED].
[REDACTED] 14:20 | customer-portal | [REDACTED] request linked to customer [REDACTED] from IP [REDACTED] after verifying phone [REDACTED].
[REDACTED] 14:38 | customer-portal | [REDACTED] request linked to customer [REDACTED] from IP [REDACTED] after verifying phone [REDACTED].
[REDACTED] | billing-api | [REDACTED] request linked to customer [REDACTED] from IP [REDACTED] after verifying phone [REDACTED].
[REDACTED] 14:39 | customer-portal | [REDACTED] request linked to customer [REDACTED] from IP [REDACTED] after verifying phone [REDACTED].
[REDACTED] 14:16 | auth-service | [REDACTED] request linked to customer [REDACTED] from IP [REDACTED] after verifying phone [REDACTED].
[REDACTED] 14:31 | auth-service | [REDACTED] request linked to customer [REDACTED] from IP [REDACTED] after verifying phone [REDACTED].
[REDACTED] 14:46 | auth-service | [REDACTED] request linked to customer [REDACTED] from IP [REDACTED] after verifying phone [REDACTED].
[REDACTED] 14:19 | auth-service | [REDACTED] request linked to customer [REDACTED] from IP [REDACTED] after verifying phone [REDACTED].
[REDACTED] 14:28 | reporting-engine | [REDACTED] request linked to customer [REDACTED] from IP [REDACTED] after verifying phone [REDACTED].
[REDACTED] 14:59 | customer-portal | [REDACTED] request linked to customer [REDACTED] from IP [REDACTED] after verifying phone [REDACTED].
[REDACTED] 14:39 | auth-service | [REDACTED] request linked to customer [REDACTED] from IP [REDACTED] after verifying phone [REDACTED].
[REDACTED] 14:20 | customer-portal | [REDACTED] request linked to customer [REDACTED] from IP [REDACTED] after verifying phone [REDACTED].
[REDACTED] 14:42 | customer-portal | [REDACTED] request linked to customer [REDACTED] from IP [REDACTED] after verifying phone [REDACTED].
[REDACTED] | billing-api | [REDACTED] request linked to customer [REDACTED] from IP [REDACTED] after verifying phone [REDACTED].
[REDACTED] 14:29 | customer-portal | [REDACTED] request linked to customer [REDACTED] from IP [REDACTED] after verifying phone [REDACTED].
[REDACTED] 14:55 | customer-portal | [REDACTED] request linked to customer [REDACTED] from IP [REDACTED] after verifying phone [REDACTED].
[REDACTED] 14:33 | auth-service | [REDACTED] request linked to customer [REDACTED] from IP [REDACTED] after verifying phone [REDACTED].
[REDACTED] 14:44 | billing-api | [REDACTED] request linked to customer [REDACTED] from IP [REDACTED] after verifying phone [REDACTED].
[REDACTED] 14:44 | customer-portal | [REDACTED] request linked to customer [REDACTED] from IP [REDACTED] after verifying phone [REDACTED].
[REDACTED] 14:11 | auth-service | [REDACTED] request linked to customer [REDACTED] from IP [REDACTED] after verifying phone [REDACTED].
[REDACTED] 14:51 | reporting-engine | [REDACTED] request linked to customer [REDACTED] from IP [REDACTED] after verifying phone [REDACTED].
[REDACTED] 14:32 | billing-api | [REDACTED] request linked to customer [REDACTED] from IP [REDACTED] after verifying phone [REDACTED].
[REDACTED] 14:30 | customer-portal | [REDACTED] request linked to customer [REDACTED] from IP [REDACTED] after verifying phone [REDACTED].
[REDACTED] 14:23 | reporting-engine | [REDACTED] request linked to customer [REDACTED] from IP [REDACTED] after verifying phone [REDACTED].
[REDACTED] 14:33 | billing-api | [REDACTED] request linked to customer [REDACTED] from IP [REDACTED] after verifying phone [REDACTED].
[REDACTED] 14:25 | reporting-engine | [REDACTED] request linked to customer [REDACTED] from IP [REDACTED] after verifying phone [REDACTED].
[REDACTED] 14:26 | reporting-engine | [REDACTED] request linked to customer [REDACTED] from IP [REDACTED] after verifying phone [REDACTED].
[REDACTED] 14:27 | billing-api | [REDACTED] request linked to customer [REDACTED] from IP [REDACTED] after verifying phone [REDACTED].
[REDACTED] 14:47 | reporting-engine | [REDACTED] request linked to customer [REDACTED] from IP [REDACTED] after verifying phone [REDACTED].
[REDACTED] 14:24 | reporting-engine | [REDACTED] request linked to customer [REDACTED] from IP [REDACTED] after verifying phone [REDACTED].
[REDACTED] 14:48 | auth-service | [REDACTED] request linked to customer [REDACTED] from IP [REDACTED] after verifying phone [REDACTED].
[REDACTED] 14:50 | auth-service | [REDACTED] request linked to customer [REDACTED] from IP [REDACTED] after verifying phone [REDACTED].
[REDACTED] 14:49 | customer-portal | [REDACTED] request linked to customer [REDACTED] from IP [REDACTED] after verifying phone [REDACTED].
[REDACTED] 14:52 | customer-portal | [REDACTED] request linked to customer [REDACTED] from IP [REDACTED] after verifying phone [REDACTED].
[REDACTED] 14:24 | auth-service | [REDACTED] request linked to customer [REDACTED] from IP [REDACTED] after verifying phone [REDACTED].
[REDACTED] 14:49 | auth-service | [REDACTED] request linked to customer [REDACTED] from IP [REDACTED] after verifying phone [REDACTED].
[REDACTED] 14:32 | reporting-engine | [REDACTED] request linked to customer [REDACTED] from IP [REDACTED] after verifying phone [REDACTED].
[REDACTED] 14:51 | billing-api | [REDACTED] request linked to customer [REDACTED] from IP [REDACTED] after verifying phone [REDACTED].
[REDACTED] | customer-portal | [REDACTED] request linked to customer [REDACTED] from IP [REDACTED] after verifying phone [REDACTED].
[REDACTED] 14:37 | reporting-engine | [REDACTED] request linked to customer [REDACTED] from IP [REDACTED] after verifying phone [REDACTED].
[REDACTED] 14:59 | reporting-engine | [REDACTED] request linked to customer [REDACTED] from IP [REDACTED] after verifying phone [REDACTED].
[REDACTED] 14:19 | reporting-engine | [REDACTED] request linked to customer [REDACTED] from IP [REDACTED] after verifying phone [REDACTED].
[REDACTED] 14:13 | reporting-engine | [REDACTED] request linked to customer [REDACTED] from IP [REDACTED] after verifying phone [REDACTED].
[REDACTED] 14:21 | reporting-engine | [REDACTED] request linked to customer [REDACTED] from IP [REDACTED] after verifying phone [REDACTED].
[REDACTED] | billing-api | [REDACTED] request linked to customer [REDACTED] from IP [REDACTED] after verifying phone [REDACTED].
[REDACTED] 14:56 | billing-api | [REDACTED] request linked to customer [REDACTED] from IP [REDACTED] after verifying phone [REDACTED].
[REDACTED] 14:35 | customer-portal | [REDACTED] request linked to customer [REDACTED] from IP [REDACTED] after verifying phone [REDACTED].
[REDACTED] 14:29 | auth-service | [REDACTED] request linked to customer [REDACTED] from IP [REDACTED] after verifying phone [REDACTED].
[REDACTED] 14:52 | customer-portal | [REDACTED] request linked to customer [REDACTED] from IP [REDACTED] after verifying phone [REDACTED].
[REDACTED] 14:17 | billing-api | [REDACTED] request linked to customer [REDACTED] from IP [REDACTED] after verifying phone [REDACTED].
[REDACTED] 14:33 | customer-portal | [REDACTED] request linked to customer [REDACTED] from IP [REDACTED] after verifying phone [REDACTED].
[REDACTED] 14:45 | billing-api | [REDACTED] request linked to customer [REDACTED] from IP [REDACTED] after verifying phone [REDACTED].
[REDACTED] 14:44 | auth-service | [REDACTED] request linked to customer [REDACTED] from IP [REDACTED] after verifying phone [REDACTED].
[REDACTED] 14:46 | reporting-engine | [REDACTED] request linked to customer [REDACTED] from IP [REDACTED] after verifying phone [REDACTED].
[REDACTED] 14:30 | reporting-engine | [REDACTED] request linked to customer [REDACTED] from IP [REDACTED] after verifying phone [REDACTED].
[REDACTED] 14:36 | customer-portal | [REDACTED] request linked to customer [REDACTED] from IP [REDACTED] after verifying phone [REDACTED].
[REDACTED] 14:48 | reporting-engine | [REDACTED] request linked to customer [REDACTED] from IP [REDACTED] after verifying phone [REDACTED].
[REDACTED] 14:52 | reporting-engine | [REDACTED] request linked to customer [REDACTED] from IP [REDACTED] after verifying phone [REDACTED].
[REDACTED] 14:36 | customer-portal | [REDACTED] request linked to customer [REDACTED] from IP [REDACTED] after verifying phone [REDACTED].
[REDACTED] 14:37 | reporting-engine | [REDACTED] request linked to customer [REDACTED] from IP [REDACTED] after verifying phone [REDACTED].
[REDACTED] 14:39 | auth-service | [REDACTED] request linked to customer [REDACTED] from IP [REDACTED] after verifying phone [REDACTED].
[REDACTED] 14:23 | reporting-engine | [REDACTED] request linked to customer [REDACTED] from IP [REDACTED] after verifying phone [REDACTED].
[REDACTED] 14:43 | billing-api | [REDACTED] request linked to customer [REDACTED] from IP [REDACTED] after verifying phone [REDACTED].
[REDACTED] 14:51 | reporting-engine | [REDACTED] request linked to customer [REDACTED] from IP [REDACTED] after verifying phone [REDACTED].
[REDACTED] 14:14 | billing-api | [REDACTED] request linked to customer [REDACTED] from IP [REDACTED] after verifying phone [REDACTED].
[REDACTED] | reporting-engine | [REDACTED] request linked to customer [REDACTED] from IP [REDACTED] after verifying phone [REDACTED].
[REDACTED] 14:28 | reporting-engine | [REDACTED] request linked to customer [REDACTED] from IP [REDACTED] after verifying phone [REDACTED].
[REDACTED] 14:44 | billing-api | [REDACTED] request linked to customer [REDACTED] from IP [REDACTED] after verifying phone [REDACTED].
[REDACTED] 14:42 | auth-service | [REDACTED] request linked to customer [REDACTED] from IP [REDACTED] after verifying phone [REDACTED].
[REDACTED] 14:18 | reporting-engine | [REDACTED] request linked to customer [REDACTED] from IP [REDACTED] after verifying phone [REDACTED].
[REDACTED] 14:44 | auth-service | [REDACTED] request linked to customer [REDACTED] from IP [REDACTED] after verifying phone [REDACTED].
[REDACTED] 14:28 | customer-portal | [REDACTED] request linked to customer [REDACTED] from IP [REDACTED] after verifying phone [REDACTED].
[REDACTED] 14:16 | reporting-engine | [REDACTED] request linked to customer [REDACTED] from IP [REDACTED] after verifying phone [REDACTED].
[REDACTED] 14:49 | billing-api | [REDACTED] request linked to customer [REDACTED] from IP [REDACTED] after verifying phone [REDACTED].
[REDACTED] 14:46 | reporting-engine | [REDACTED] request linked to customer [REDACTED] from IP [REDACTED] after verifying phone [REDACTED].
[REDACTED] 14:38 | auth-service | [REDACTED] request linked to customer [REDACTED] from IP [REDACTED] after verifying phone [REDACTED].
[REDACTED] 14:46 | auth-service | [REDACTED] request linked to customer [REDACTED] from IP [REDACTED] after verifying phone [REDACTED].
[REDACTED] 14:52 | reporting-engine | [REDACTED] request linked to customer [REDACTED] from IP [REDACTED] after verifying phone [REDACTED].
[REDACTED] 14:52 | billing-api | [REDACTED] request linked to customer [REDACTED] from IP [REDACTED] after verifying phone [REDACTED].
[REDACTED] 14:21 | reporting-engine | [REDACTED] request linked to customer [REDACTED] from IP [REDACTED] after verifying phone [REDACTED].
[REDACTED] 14:21 | auth-service | [REDACTED] request linked to customer [REDACTED] from IP [REDACTED] after verifying phone [REDACTED].
[REDACTED] 14:11 | billing-api | [REDACTED] request linked to customer [REDACTED] from IP [REDACTED] after verifying phone [REDACTED].
[REDACTED] 14:43 | reporting-engine | [REDACTED] request linked to customer [REDACTED] from IP [REDACTED] after verifying phone [REDACTED].
[REDACTED] 14:27 | billing-api | [REDACTED] request linked to customer [REDACTED] from IP [REDACTED] after verifying phone [REDACTED].
[REDACTED] 14:48 | auth-service | [REDACTED] request linked to customer [REDACTED] from IP [REDACTED] after verifying phone [REDACTED].
[REDACTED] 14:15 | reporting-engine | [REDACTED] request linked to customer [REDACTED] from IP [REDACTED] after verifying phone [REDACTED].
[REDACTED] 14:11 | customer-portal | [REDACTED] request linked to customer [REDACTED] from IP [REDACTED] after verifying phone [REDACTED].
[REDACTED] 14:27 | billing-api | [REDACTED] request linked to customer [REDACTED] from IP [REDACTED] after verifying phone [REDACTED].
[REDACTED] | customer-portal | [REDACTED] request linked to customer [REDACTED] from IP [REDACTED] after verifying phone [REDACTED].
[REDACTED] 14:30 | reporting-engine | [REDACTED] request linked to customer [REDACTED] from IP [REDACTED] after verifying phone [REDACTED].
[REDACTED] 14:15 | auth-service | [REDACTED] request linked to customer [REDACTED] from IP [REDACTED] after verifying phone [REDACTED].
[REDACTED] 14:28 | reporting-engine | [REDACTED] request linked to customer [REDACTED] from IP [REDACTED] after verifying phone [REDACTED].
[REDACTED] 14:43 | customer-portal | [REDACTED] request linked to customer [REDACTED] from IP [REDACTED] after verifying phone [REDACTED].
[REDACTED] 14:11 | auth-service | [REDACTED] request linked to customer [REDACTED] from IP [REDACTED] after verifying phone [REDACTED].
[REDACTED] 14:32 | reporting-engine | [REDACTED] request linked to customer [REDACTED] from IP [REDACTED] after verifying phone [REDACTED].
[REDACTED] | reporting-engine | [REDACTED] request linked to customer [REDACTED] from IP [REDACTED] after verifying phone [REDACTED].
[REDACTED] 14:49 | auth-service | [REDACTED] request linked to customer [REDACTED] from IP [REDACTED] after verifying phone [REDACTED].
[REDACTED] 14:11 | reporting-engine | [REDACTED] request linked to customer [REDACTED] from IP [REDACTED] after verifying phone [REDACTED].
[REDACTED] 14:18 | auth-service | [REDACTED] request linked to customer [REDACTED] from IP [REDACTED] after verifying phone [REDACTED].
[REDACTED] 14:31 | customer-portal | [REDACTED] request linked to customer [REDACTED] from IP [REDACTED] after verifying phone [REDACTED].
[REDACTED] | billing-api | [REDACTED] request linked to customer [REDACTED] from IP [REDACTED] after verifying phone [REDACTED].
[REDACTED] 14:20 | billing-api | [REDACTED] request linked to customer [REDACTED] from IP [REDACTED] after verifying phone [REDACTED].
[REDACTED] 14:58 | billing-api | [REDACTED] request linked to customer [REDACTED] from IP [REDACTED] after verifying phone [REDACTED].
[REDACTED] 14:10 | billing-api | [REDACTED] request linked to customer [REDACTED] from IP [REDACTED] after verifying phone [REDACTED].
[REDACTED] 14:40 | billing-api | [REDACTED] request linked to customer [REDACTED] from IP [REDACTED] after verifying phone [REDACTED].
[REDACTED] 14:55 | customer-portal | [REDACTED] request linked to customer [REDACTED] from IP [REDACTED] after verifying phone [REDACTED].
[REDACTED] 14:51 | billing-api | [REDACTED] request linked to customer [REDACTED] from IP [REDACTED] after verifying phone [REDACTED].
[REDACTED] 14:47 | customer-portal | [REDACTED] request linked to customer [REDACTED] from IP [REDACTED] after verifying phone [REDACTED].
[REDACTED] 14:19 | reporting-engine | [REDACTED] request linked to customer [REDACTED] from IP [REDACTED] after verifying phone [REDACTED].
[REDACTED] 14:50 | billing-api | [REDACTED] request linked to customer [REDACTED] from IP [REDACTED] after verifying phone [REDACTED].
[REDACTED] 14:39 | reporting-engine | [REDACTED] request linked to customer [REDACTED] from IP [REDACTED] after verifying phone [REDACTED].
[REDACTED] 14:35 | reporting-engine | [REDACTED] request linked to customer [REDACTED] from IP [REDACTED] after verifying phone [REDACTED].
[REDACTED]-7 14:34 | billing-api | [REDACTED] request linked to customer [REDACTED] from IP [REDACTED] after verifying phone [REDACTED].
[REDACTED] 14:39 | billing-api | [REDACTED] request linked to customer [REDACTED] from IP [REDACTED] after verifying phone [REDACTED].
[REDACTED] 14:31 | customer-portal | [REDACTED] request linked to customer [REDACTED] from IP [REDACTED] after verifying phone [REDACTED].
[REDACTED] 14:49 | reporting-engine | [REDACTED] request linked to customer [REDACTED] from IP [REDACTED] after verifying phone [REDACTED].
[REDACTED] | customer-portal | [REDACTED] request linked to customer [REDACTED] from IP [REDACTED] after verifying phone [REDACTED].
[REDACTED] 14:42 | billing-api | [REDACTED] request linked to customer [REDACTED] from IP [REDACTED] after verifying phone [REDACTED].
[REDACTED] 14:27 | customer-portal | [REDACTED] request linked to customer [REDACTED] from IP [REDACTED] after verifying phone [REDACTED].
[REDACTED] 14:12 | billing-api | [REDACTED] request linked to customer [REDACTED] from IP [REDACTED] after verifying phone [REDACTED].
[REDACTED] 14:25 | auth-service | [REDACTED] request linked to customer [REDACTED] from IP [REDACTED] after verifying phone [REDACTED].
[REDACTED] 14:42 | reporting-engine | [REDACTED] request linked to customer [REDACTED] from IP [REDACTED] after verifying phone [REDACTED].
[REDACTED] 14:27 | billing-api | [REDACTED] request linked to customer [REDACTED] from IP [REDACTED] after verifying phone [REDACTED].
[REDACTED] 14:29 | auth-service | [REDACTED] request linked to customer [REDACTED] from IP [REDACTED] after verifying phone [REDACTED].
[REDACTED] 14:54 | billing-api | [REDACTED] request linked to customer [REDACTED] from IP [REDACTED] after verifying phone [REDACTED].
[REDACTED] 14:33 | billing-api | [REDACTED] request linked to customer [REDACTED] from IP [REDACTED] after verifying phone [REDACTED].
[REDACTED] 14:41 | customer-portal | [REDACTED] request linked to customer [REDACTED] from IP [REDACTED] after verifying phone [REDACTED].
[REDACTED] 14:18 | billing-api | [REDACTED] request linked to customer [REDACTED] from IP [REDACTED] after verifying phone [REDACTED].
[REDACTED] 14:51 | billing-api | [REDACTED] request linked to customer [REDACTED] from IP [REDACTED] after verifying phone [REDACTED].
[REDACTED] 14:32 | billing-api | [REDACTED] request linked to customer [REDACTED] from IP [REDACTED] after verifying phone [REDACTED].
[REDACTED] 14:49 | billing-api | [REDACTED] request linked to customer [REDACTED] from IP [REDACTED] after verifying phone [REDACTED].
[REDACTED] 14:17 | billing-api | [REDACTED] request linked to customer [REDACTED] from IP [REDACTED] after verifying phone [REDACTED].
[REDACTED] 14:56 | auth-service | [REDACTED] request linked to customer [REDACTED] from IP [REDACTED] after verifying phone [REDACTED].
[REDACTED] 14:45 | customer-portal | [REDACTED] request linked to customer [REDACTED] from IP [REDACTED] after verifying phone [REDACTED].
[REDACTED] 14:13 | customer-portal | [REDACTED] request linked to customer [REDACTED] from IP [REDACTED] after verifying phone [REDACTED].
[REDACTED] 14:12 | reporting-engine | [REDACTED] request linked to customer [REDACTED] from IP [REDACTED] after verifying phone [REDACTED].
[REDACTED] 14:37 | customer-portal | [REDACTED] request linked to customer [REDACTED] from IP [REDACTED] after verifying phone [REDACTED].
[REDACTED] 14:16 | customer-portal | [REDACTED] request linked to customer [REDACTED] from IP [REDACTED] after verifying phone [REDACTED].
[REDACTED] 14:19 | billing-api | [REDACTED] request linked to customer [REDACTED] from IP [REDACTED] after verifying phone [REDACTED].
[REDACTED] 14:55 | auth-service | [REDACTED] request linked to customer [REDACTED] from IP [REDACTED] after verifying phone [REDACTED].
[REDACTED] 14:36 | auth-service | [REDACTED] request linked to customer [REDACTED] from IP [REDACTED] after verifying phone [REDACTED].
[REDACTED] 14:52 | customer-portal | [REDACTED] request linked to customer [REDACTED] from IP [REDACTED] after verifying phone [REDACTED].
[REDACTED] 14:59 | billing-api | [REDACTED] request linked to customer [REDACTED] from IP [REDACTED] after verifying phone [REDACTED].
[REDACTED] 14:39 | auth-service | [REDACTED] request linked to customer [REDACTED] from IP [REDACTED] after verifying phone [REDACTED].
[REDACTED] 14:59 | billing-api | [REDACTED] request linked to customer [REDACTED] from IP [REDACTED] after verifying phone [REDACTED].
[REDACTED] 14:12 | customer-portal | [REDACTED] request linked to customer [REDACTED] from IP [REDACTED] after verifying phone [REDACTED].
[REDACTED] 14:40 | auth-service | [REDACTED] request linked to customer [REDACTED] from IP [REDACTED] after verifying phone [REDACTED].
[REDACTED] 14:32 | reporting-engine | [REDACTED] request linked to customer [REDACTED] from IP [REDACTED] after verifying phone [REDACTED].
[REDACTED] 14:24 | reporting-engine | [REDACTED] request linked to customer [REDACTED] from IP [REDACTED] after verifying phone [REDACTED].
[REDACTED] 14:48 | billing-api | [REDACTED] request linked to customer [REDACTED] from IP [REDACTED] after verifying phone [REDACTED].
[REDACTED] 14:29 | auth-service | [REDACTED] request linked to customer [REDACTED] from IP [REDACTED] after verifying phone [REDACTED].
[REDACTED] 14:18 | auth-service | [REDACTED] request linked to customer [REDACTED] from IP [REDACTED] after verifying phone [REDACTED].
[REDACTED] 14:35 | auth-service | [REDACTED] request linked to customer [REDACTED] from IP [REDACTED] after verifying phone [REDACTED].
[REDACTED] 14:42 | reporting-engine | [REDACTED] request linked to customer [REDACTED] from IP [REDACTED] after verifying phone [REDACTED].
[REDACTED] 14:58 | billing-api | [REDACTED] request linked to customer [REDACTED] from IP [REDACTED] after verifying phone [REDACTED].
[REDACTED] 14:20 | billing-api | [REDACTED] request linked to customer [REDACTED] from IP [REDACTED] after verifying phone [REDACTED].
[REDACTED] 14:10 | auth-service | [REDACTED] request linked to customer [REDACTED] from IP [REDACTED] after verifying phone [REDACTED].
[REDACTED] 14:46 | billing-api | [REDACTED] request linked to customer [REDACTED] from IP [REDACTED] after verifying phone [REDACTED].
[REDACTED] 14:19 | billing-api | [REDACTED] request linked to customer [REDACTED] from IP [REDACTED] after verifying phone [REDACTED].
[REDACTED] 14:56 | billing-api | [REDACTED] request linked to customer [REDACTED] from IP [REDACTED] after verifying phone [REDACTED].
[REDACTED] 14:43 | reporting-engine | [REDACTED] request linked to customer [REDACTED] from IP [REDACTED] after verifying phone [REDACTED].
[REDACTED] 14:43 | customer-portal | [REDACTED] request linked to customer [REDACTED] from IP [REDACTED] after verifying phone [REDACTED].
[REDACTED] 14:52 | auth-service | [REDACTED] request linked to customer [REDACTED] from IP [REDACTED] after verifying phone [REDACTED].
[REDACTED] 14:52 | reporting-engine | [REDACTED] request linked to customer [REDACTED] from IP [REDACTED] after verifying phone [REDACTED].
[REDACTED] 14:42 | customer-portal | [REDACTED] request linked to customer [REDACTED] from IP [REDACTED] after verifying phone [REDACTED].
[REDACTED] 14:47 | reporting-engine | [REDACTED] request linked to customer [REDACTED] from IP [REDACTED] after verifying phone [REDACTED].
[REDACTED] 14:44 | billing-api | [REDACTED] request linked to customer [REDACTED] from IP [REDACTED] after verifying phone [REDACTED].
[REDACTED] | reporting-engine | [REDACTED] request linked to customer [REDACTED] from IP [REDACTED] after verifying phone [REDACTED].
[REDACTED] 14:46 | auth-service | [REDACTED] request linked to customer [REDACTED] from IP [REDACTED] after verifying phone [REDACTED].
[REDACTED] 14:39 | billing-api | [REDACTED] request linked to customer [REDACTED] from IP [REDACTED] after verifying phone [REDACTED].
[REDACTED] | billing-api | [REDACTED] request linked to customer [REDACTED] from IP [REDACTED] after verifying phone [REDACTED].
[REDACTED] 14:51 | reporting-engine | [REDACTED] request linked to customer [REDACTED] from IP [REDACTED] after verifying phone [REDACTED].
[REDACTED] 14:12 | auth-service | [REDACTED] request linked to customer [REDACTED] from IP [REDACTED] after verifying phone [REDACTED].
[REDACTED] 14:35 | auth-service | [REDACTED] request linked to customer [REDACTED] from IP [REDACTED] after verifying phone [REDACTED].
[REDACTED] 14:25 | reporting-engine | [REDACTED] request linked to customer [REDACTED] from IP [REDACTED] after verifying phone [REDACTED].
[REDACTED] 14:38 | billing-api | [REDACTED] request linked to customer [REDACTED] from IP [REDACTED] after verifying phone [REDACTED].
[REDACTED] 14:58 | reporting-engine | [REDACTED] request linked to customer [REDACTED] from IP [REDACTED] after verifying phone [REDACTED].
[REDACTED] 14:20 | billing-api | [REDACTED] request linked to customer [REDACTED] from IP [REDACTED] after verifying phone [REDACTED].
[REDACTED] 14:37 | reporting-engine | [REDACTED] request linked to customer [REDACTED] from IP [REDACTED] after verifying phone [REDACTED].
[REDACTED] 14:16 | auth-service | [REDACTED] request linked to customer [REDACTED] from IP [REDACTED] after verifying phone [REDACTED].
[REDACTED] 14:54 | billing-api | [REDACTED] request linked to customer [REDACTED] from IP [REDACTED] after verifying phone [REDACTED].
[REDACTED] 14:11 | billing-api | [REDACTED] request linked to customer [REDACTED] from IP [REDACTED] after verifying phone [REDACTED].
[REDACTED] | reporting-engine | [REDACTED] request linked to customer [REDACTED] from IP [REDACTED] after verifying phone [REDACTED].
[REDACTED] 14:53 | billing-api | [REDACTED] request linked to customer [REDACTED] from IP [REDACTED] after verifying phone [REDACTED].
[REDACTED] 14:12 | auth-service | [REDACTED] request linked to customer [REDACTED] from IP [REDACTED] after verifying phone [REDACTED].
[REDACTED] 14:55 | billing-api | [REDACTED] request linked to customer [REDACTED] from IP [REDACTED] after verifying phone [REDACTED].
[REDACTED] 14:10 | auth-service | [REDACTED] request linked to customer [REDACTED] from IP [REDACTED] after verifying phone [REDACTED].
[REDACTED] 14:34 | customer-portal | [REDACTED] request linked to customer [REDACTED] from IP [REDACTED] after verifying phone [REDACTED].
[REDACTED] 14:48 | auth-service | [REDACTED] request linked to customer [REDACTED] from IP [REDACTED] after verifying phone [REDACTED].
[REDACTED] 14:54 | billing-api | [REDACTED] request linked to customer [REDACTED] from IP [REDACTED] after verifying phone [REDACTED].
[REDACTED] 14:28 | customer-portal | [REDACTED] request linked to customer [REDACTED] from IP [REDACTED] after verifying phone [REDACTED].
[REDACTED] 14:56 | reporting-engine | [REDACTED] request linked to customer [REDACTED] from IP [REDACTED] after verifying phone [REDACTED].
[REDACTED] 14:49 | reporting-engine | [REDACTED] request linked to customer [REDACTED] from IP [REDACTED] after verifying phone [REDACTED].
[REDACTED] 14:30 | customer-portal | [REDACTED] request linked to customer [REDACTED] from IP [REDACTED] after verifying phone [REDACTED].
[REDACTED] 14:12 | billing-api | [REDACTED] request linked to customer [REDACTED] from IP [REDACTED] after verifying phone [REDACTED].
[REDACTED] 14:18 | customer-portal | [REDACTED] request linked to customer [REDACTED] from IP [REDACTED] after verifying phone [REDACTED].
[REDACTED] 14:38 | reporting-engine | [REDACTED] request linked to customer [REDACTED] from IP [REDACTED] after verifying phone [REDACTED].
[REDACTED] 14:21 | billing-api | [REDACTED] request linked to customer [REDACTED] from IP [REDACTED] after verifying phone [REDACTED].
[REDACTED] 14:41 | customer-portal | [REDACTED] request linked to customer [REDACTED] from IP [REDACTED] after verifying phone [REDACTED].
[REDACTED] 14:58 | auth-service | [REDACTED] request linked to customer [REDACTED] from IP [REDACTED] after verifying phone [REDACTED].
[REDACTED] 14:23 | reporting-engine | [REDACTED] request linked to customer [REDACTED] from IP [REDACTED] after verifying phone [REDACTED].
[REDACTED] 14:33 | customer-portal | [REDACTED] request linked to customer [REDACTED] from IP [REDACTED] after verifying phone [REDACTED].
[REDACTED] | customer-portal | [REDACTED] request linked to customer [REDACTED] from IP [REDACTED] after verifying phone [REDACTED].
[REDACTED] 14:19 | reporting-engine | [REDACTED] request linked to customer [REDACTED] from IP [REDACTED] after verifying phone [REDACTED].
[REDACTED] 14:58 | customer-portal | [REDACTED] request linked to customer [REDACTED] from IP [REDACTED] after verifying phone [REDACTED].
[REDACTED] 14:58 | reporting-engine | [REDACTED] request linked to customer [REDACTED] from IP [REDACTED] after verifying phone [REDACTED].
[REDACTED] 14:24 | reporting-engine | [REDACTED] request linked to customer [REDACTED] from IP [REDACTED] after verifying phone [REDACTED].
[REDACTED] 14:40 | customer-portal | [REDACTED] request linked to customer [REDACTED] from IP [REDACTED] after verifying phone [REDACTED].
[REDACTED] 14:38 | billing-api | [REDACTED] request linked to customer [REDACTED] from IP [REDACTED] after verifying phone [REDACTED].
[REDACTED] 14:41 | reporting-engine | [REDACTED] request linked to customer [REDACTED] from IP [REDACTED] after verifying phone [REDACTED].
[REDACTED] 14:28 | reporting-engine | [REDACTED] request linked to customer [REDACTED] from IP [REDACTED] after verifying phone [REDACTED].
[REDACTED] 14:33 | billing-api | [REDACTED] request linked to customer [REDACTED] from IP [REDACTED] after verifying phone [REDACTED].
[REDACTED] 14:22 | reporting-engine | [REDACTED] request linked to customer [REDACTED] from IP [REDACTED] after verifying phone [REDACTED].
[REDACTED] 14:16 | reporting-engine | [REDACTED] request linked to customer [REDACTED] from IP [REDACTED] after verifying phone [REDACTED].
[REDACTED] 14:25 | auth-service | [REDACTED] request linked to customer [REDACTED] from IP [REDACTED] after verifying phone [REDACTED].
[REDACTED] 14:52 | billing-api | [REDACTED] request linked to customer [REDACTED] from IP [REDACTED] after verifying phone [REDACTED].
[REDACTED] | customer-portal | [REDACTED] request linked to customer [REDACTED] from IP [REDACTED] after verifying phone [REDACTED].
[REDACTED] 14:56 | customer-portal | [REDACTED] request linked to customer [REDACTED] from IP [REDACTED] after verifying phone [REDACTED].
[REDACTED] 14:37 | auth-service | [REDACTED] request linked to customer [REDACTED] from IP [REDACTED] after verifying phone [REDACTED].
[REDACTED] 14:11 | billing-api | [REDACTED] request linked to customer [REDACTED] from IP [REDACTED] after verifying phone [REDACTED].
[REDACTED] 14:59 | reporting-engine | [REDACTED] request linked to customer [REDACTED] from IP [REDACTED] after verifying phone [REDACTED].
[REDACTED] 14:42 | billing-api | [REDACTED] request linked to customer [REDACTED] from IP [REDACTED] after verifying phone [REDACTED].
[REDACTED] 14:42 | auth-service | [REDACTED] request linked to customer [REDACTED] from IP [REDACTED] after verifying phone [REDACTED].
[REDACTED]-2 14:57 | auth-service | [REDACTED] request linked to customer [REDACTED] from IP [REDACTED] after verifying phone [REDACTED].
[REDACTED] 14:42 | billing-api | [REDACTED] request linked to customer [REDACTED] from IP [REDACTED] after verifying phone [REDACTED].
[REDACTED] 14:31 | auth-service | [REDACTED] request linked to customer [REDACTED] from IP [REDACTED] after verifying phone [REDACTED].
[REDACTED] 14:29 | billing-api | [REDACTED] request linked to customer [REDACTED] from IP [REDACTED] after verifying phone [REDACTED].
[REDACTED] 14:49 | billing-api | [REDACTED] request linked to customer [REDACTED] from IP [REDACTED] after verifying phone [REDACTED].
[REDACTED] 14:32 | reporting-engine | [REDACTED] request linked to customer [REDACTED] from IP [REDACTED] after verifying phone [REDACTED].
[REDACTED] 14:16 | billing-api | [REDACTED] request linked to customer [REDACTED] from IP [REDACTED] after verifying phone [REDACTED].
[REDACTED] 14:21 | customer-portal | [REDACTED] request linked to customer [REDACTED] from IP [REDACTED] after verifying phone [REDACTED].
[REDACTED]-4 14:24 | customer-portal | [REDACTED] request linked to customer [REDACTED] from IP [REDACTED] after verifying phone [REDACTED].
[REDACTED] 14:32 | customer-portal | [REDACTED] request linked to customer [REDACTED] from IP [REDACTED] after verifying phone [REDACTED].
[REDACTED] 14:52 | customer-portal | [REDACTED] request linked to customer [REDACTED] from IP [REDACTED] after verifying phone [REDACTED].
[REDACTED] 14:31 | customer-portal | [REDACTED] request linked to customer [REDACTED] from IP [REDACTED] after verifying phone [REDACTED].
[REDACTED] | auth-service | [REDACTED] request linked to customer [REDACTED] from IP [REDACTED] after verifying phone [REDACTED].
[REDACTED] 14:24 | auth-service | [REDACTED] request linked to customer [REDACTED] from IP [REDACTED] after verifying phone [REDACTED].
[REDACTED] 14:36 | billing-api | [REDACTED] request linked to customer [REDACTED] from IP [REDACTED] after verifying phone [REDACTED].
[REDACTED] 14:56 | billing-api | [REDACTED] request linked to customer [REDACTED] from IP [REDACTED] after verifying phone [REDACTED].
[REDACTED] 14:21 | reporting-engine | [REDACTED] request linked to customer [REDACTED] from IP [REDACTED] after verifying phone [REDACTED].
[REDACTED] 14:58 | reporting-engine | [REDACTED] request linked to customer [REDACTED] from IP [REDACTED] after verifying phone [REDACTED].
[REDACTED] 14:54 | auth-service | [REDACTED] request linked to customer [REDACTED] from IP [REDACTED] after verifying phone [REDACTED].
[REDACTED] 14:39 | customer-portal | [REDACTED] request linked to customer [REDACTED] from IP [REDACTED] after verifying phone [REDACTED].
[REDACTED] 14:14 | customer-portal | [REDACTED] request linked to customer [REDACTED] from IP [REDACTED] after verifying phone [REDACTED].
[REDACTED] 14:56 | billing-api | [REDACTED] request linked to customer [REDACTED] from IP [REDACTED] after verifying phone [REDACTED].
[REDACTED]-4 14:34 | billing-api | [REDACTED] request linked to customer [REDACTED] from IP [REDACTED] after verifying phone [REDACTED].
[REDACTED] 14:10 | customer-portal | [REDACTED] request linked to customer [REDACTED] from IP [REDACTED] after verifying phone [REDACTED].
[REDACTED] 14:27 | auth-service | [REDACTED] request linked to customer [REDACTED] from IP [REDACTED] after verifying phone [REDACTED].
[REDACTED] 14:59 | billing-api | [REDACTED] request linked to customer [REDACTED] from IP [REDACTED] after verifying phone [REDACTED].
[REDACTED] 14:21 | auth-service | [REDACTED] request linked to customer [REDACTED] from IP [REDACTED] after verifying phone [REDACTED].
[REDACTED] 14:21 | auth-service | [REDACTED] request linked to customer [REDACTED] from IP [REDACTED] after verifying phone [REDACTED].
[REDACTED] 14:14 | billing-api | [REDACTED] request linked to customer [REDACTED] from IP [REDACTED] after verifying phone [REDACTED].
[REDACTED] 14:26 | auth-service | [REDACTED] request linked to customer [REDACTED] from IP [REDACTED] after verifying phone [REDACTED].
[REDACTED] 14:56 | reporting-engine | [REDACTED] request linked to customer [REDACTED] from IP [REDACTED] after verifying phone [REDACTED].
[REDACTED] 14:32 | customer-portal | [REDACTED] request linked to customer [REDACTED] from IP [REDACTED] after verifying phone [REDACTED].
[REDACTED] 14:39 | customer-portal | [REDACTED] request linked to customer [REDACTED] from IP [REDACTED] after verifying phone [REDACTED].
[REDACTED] 14:44 | billing-api | [REDACTED] request linked to customer [REDACTED] from IP [REDACTED] after verifying phone [REDACTED].
[REDACTED] 14:12 | billing-api | [REDACTED] request linked to customer [REDACTED] from IP [REDACTED] after verifying phone [REDACTED].
[REDACTED] 14:28 | reporting-engine | [REDACTED] request linked to customer [REDACTED] from IP [REDACTED] after verifying phone [REDACTED].
[REDACTED] 14:11 | customer-portal | [REDACTED] request linked to customer [REDACTED] from IP [REDACTED] after verifying phone [REDACTED].
[REDACTED] 14:36 | reporting-engine | [REDACTED] request linked to customer [REDACTED] from IP [REDACTED] after verifying phone [REDACTED].
[REDACTED] 14:22 | reporting-engine | [REDACTED] request linked to customer [REDACTED] from IP [REDACTED] after verifying phone [REDACTED].
[REDACTED] 14:46 | reporting-engine | [REDACTED] request linked to customer [REDACTED] from IP [REDACTED] after verifying phone [REDACTED].
[REDACTED] 14:51 | customer-portal | [REDACTED] request linked to customer [REDACTED] from IP [REDACTED] after verifying phone [REDACTED].
[REDACTED] 14:30 | reporting-engine | [REDACTED] request linked to customer [REDACTED] from IP [REDACTED] after verifying phone [REDACTED].
[REDACTED] 14:55 | auth-service | [REDACTED] request linked to customer [REDACTED] from IP [REDACTED] after verifying phone [REDACTED].
[REDACTED] 14:40 | billing-api | [REDACTED] request linked to customer [REDACTED] from IP [REDACTED] after verifying phone [REDACTED].
[REDACTED] 14:39 | auth-service | [REDACTED] request linked to customer [REDACTED] from IP [REDACTED] after verifying phone [REDACTED].
[REDACTED] 14:39 | auth-service | [REDACTED] request linked to customer [REDACTED] from IP [REDACTED] after verifying phone [REDACTED].
[REDACTED] 14:27 | auth-service | [REDACTED] request linked to customer [REDACTED] from IP [REDACTED] after verifying phone [REDACTED].
[REDACTED] 14:46 | auth-service | [REDACTED] request linked to customer [REDACTED] from IP [REDACTED] after verifying phone [REDACTED].
[REDACTED] 14:33 | reporting-engine | [REDACTED] request linked to customer [REDACTED] from IP [REDACTED] after verifying phone [REDACTED].
[REDACTED] 14:58 | billing-api | [REDACTED] request linked to customer [REDACTED] from IP [REDACTED] after verifying phone [REDACTED].
[REDACTED] 14:12 | billing-api | [REDACTED] request linked to customer [REDACTED] from IP [REDACTED] after verifying phone [REDACTED].
[REDACTED] 14:12 | reporting-engine | [REDACTED] request linked to customer [REDACTED] from IP [REDACTED] after verifying phone [REDACTED].
[REDACTED] 14:17 | auth-service | [REDACTED] request linked to customer [REDACTED] from IP [REDACTED] after verifying phone [REDACTED].
[REDACTED] 14:31 | reporting-engine | [REDACTED] request linked to customer [REDACTED] from IP [REDACTED] after verifying phone [REDACTED].
[REDACTED] 14:30 | auth-service | [REDACTED] request linked to customer [REDACTED] from IP [REDACTED] after verifying phone [REDACTED].
[REDACTED] 14:10 | auth-service | [REDACTED] request linked to customer [REDACTED] from IP [REDACTED] after verifying phone [REDACTED].
[REDACTED] 14:10 | billing-api | [REDACTED] request linked to customer [REDACTED] from IP [REDACTED] after verifying phone [REDACTED].
[REDACTED] 14:20 | auth-service | [REDACTED] request linked to customer [REDACTED] from IP [REDACTED] after verifying phone [REDACTED].
[REDACTED] 14:59 | auth-service | [REDACTED] request linked to customer [REDACTED] from IP [REDACTED] after verifying phone [REDACTED].
[REDACTED] 14:14 | auth-service | [REDACTED] request linked to customer [REDACTED] from IP [REDACTED] after verifying phone [REDACTED].
[REDACTED] 14:50 | auth-service | [REDACTED] request linked to customer [REDACTED] from IP [REDACTED] after verifying phone [REDACTED].
[REDACTED] 14:12 | billing-api | [REDACTED] request linked to customer [REDACTED] from IP [REDACTED] after verifying phone [REDACTED].
[REDACTED] 14:28 | reporting-engine | [REDACTED] request linked to customer [REDACTED] from IP [REDACTED] after verifying phone [REDACTED].
[REDACTED] 14:16 | reporting-engine | [REDACTED] request linked to customer [REDACTED] from IP [REDACTED] after verifying phone [REDACTED].
[REDACTED] 14:35 | reporting-engine | [REDACTED] request linked to customer [REDACTED] from IP [REDACTED] after verifying phone [REDACTED].
[REDACTED] 14:48 | billing-api | [REDACTED] request linked to customer [REDACTED] from IP [REDACTED] after verifying phone [REDACTED].
[REDACTED] 14:33 | reporting-engine | [REDACTED] request linked to customer [REDACTED] from IP [REDACTED] after verifying phone [REDACTED].
[REDACTED] 14:10 | auth-service | [REDACTED] request linked to customer [REDACTED] from IP [REDACTED] after verifying phone [REDACTED].
[REDACTED] 14:26 | customer-portal | [REDACTED] request linked to customer [REDACTED] from IP [REDACTED] after verifying phone [REDACTED].
[REDACTED] 14:17 | reporting-engine | [REDACTED] request linked to customer [REDACTED] from IP [REDACTED] after verifying phone [REDACTED].
[REDACTED] 14:10 | customer-portal | [REDACTED] request linked to customer [REDACTED] from IP [REDACTED] after verifying phone [REDACTED].
[REDACTED]-4 14:31 | auth-service | [REDACTED] request linked to customer [REDACTED] from IP [REDACTED] after verifying phone [REDACTED].
[REDACTED] 14:50 | customer-portal | [REDACTED] request linked to customer [REDACTED] from IP [REDACTED] after verifying phone [REDACTED].
[REDACTED] 14:23 | billing-api | [REDACTED] request linked to customer [REDACTED] from IP [REDACTED] after verifying phone [REDACTED].
[REDACTED] 14:20 | billing-api | [REDACTED] request linked to customer [REDACTED] from IP [REDACTED] after verifying phone [REDACTED].
[REDACTED] 14:13 | reporting-engine | [REDACTED] request linked to customer [REDACTED] from IP [REDACTED] after verifying phone [REDACTED].
[REDACTED] 14:12 | customer-portal | [REDACTED] request linked to customer [REDACTED] from IP [REDACTED] after verifying phone [REDACTED].
[REDACTED] 14:45 | auth-service | [REDACTED] request linked to customer [REDACTED] from IP [REDACTED] after verifying phone [REDACTED].
[REDACTED] 14:51 | reporting-engine | [REDACTED] request linked to customer [REDACTED] from IP [REDACTED] after verifying phone [REDACTED].
[REDACTED] 14:57 | customer-portal | [REDACTED] request linked to customer [REDACTED] from IP [REDACTED] after verifying phone [REDACTED].
[REDACTED] 14:51 | billing-api | [REDACTED] request linked to customer [REDACTED] from IP [REDACTED] after verifying phone [REDACTED].
[REDACTED] 14:17 | customer-portal | [REDACTED] request linked to customer [REDACTED] from IP [REDACTED] after verifying phone [REDACTED].
[REDACTED] 14:38 | billing-api | [REDACTED] request linked to customer [REDACTED] from IP [REDACTED] after verifying phone [REDACTED].
[REDACTED] 14:28 | auth-service | [REDACTED] request linked to customer [REDACTED] from IP [REDACTED] after verifying phone [REDACTED].
[REDACTED] 14:28 | auth-service | [REDACTED] request linked to customer [REDACTED] from IP [REDACTED] after verifying phone [REDACTED].
[REDACTED] 14:28 | billing-api | [REDACTED] request linked to customer [REDACTED] from IP [REDACTED] after verifying phone [REDACTED].